HMBD_ID	Gene_name	Protein_name	standard_metName	metName	Evidence
HMDB0006247	ABCA1[Transporter]	Phospholipid-transporting ATPase ABCA1	25-Hydroxycholesterol	25-Hydroxycholesterol	16611739
HMDB0000538	ABCA1[Transporter]	Phospholipid-transporting ATPase ABCA1	Adenosine triphosphate	Adenosine triphosphate	31678514; 22811478; 12759900; 26945479; 31724712; 24649047
HMDB0000050	ABCA1[Transporter]	Phospholipid-transporting ATPase ABCA1	Adenosine	Adenosine	26261553; 18706283; 23519695; 12759900; 12401885; 29643920; 31678514; 22811478; 24035454; 12458091; 31915322; 20466885; 22384526; 12679197; 26945479; 19059534; 22466164; 28121324; 21530801; 31724712; 21490773; 18594022; 24649047
HMDB0001043	ANXA1[Transporter]	Annexin A1	Arachidonic acid	Arachidonic acid	16899607
HMDB0001043	CD36[Transporter]	Platelet glycoprotein 4	Arachidonic acid	Arachidonic acid	29080057; 21454644; 11141076
HMDB0000517	SLC7A1[Transporter]	High affinity cationic amino acid transporter 1	L-Arginine	Arginine; L-Arginine	33209975; 17325243; 33639836; 23831616; 22144986; 19067360
HMDB0000044	ABCA1[Transporter]	Phospholipid-transporting ATPase ABCA1	Ascorbic acid	Ascorbic acid	28210221
HMDB0000030	SLC5A6[Transporter]	Sodium-dependent multivitamin transporter	Biotin	Biotin	27084392
HMDB0000464	CD36[Transporter]	Platelet glycoprotein 4	Calcium	Calcium	22463611; 26245899; 27132684; 21454644; 28697919; 31510946; 27004753
HMDB0000464	SLC39A6[Transporter]	Zinc transporter ZIP6	Calcium	Calcium	23185754
HMDB0000464	SLC8A1[Transporter]	Sodium/calcium exchanger 1	Calcium	Calcium	22173874
HMDB0000464	SLC8A2[Transporter]	Sodium/calcium exchanger 2	Calcium	Calcium	22173874
HMDB0000067	ABCB11[Transporter]	Bile salt export pump	Cholesterol	Cholesterol	22350143; 19888660; 28013406
HMDB0000067	CD36[Transporter]	Platelet glycoprotein 4	Cholesterol	Cholesterol	15546489; 21763723; 32531545; 16133421; 10383407; 23247049; 15949682; 12145296; 28928671; 29883404; 34584385; 19718657; 29593722; 25174330; 27890613; 32684173; 18311054; 24371122; 21262584; 16959872; 20338238; 25250848; 23099443; 15168018; 16299001; 26828064; 19147991; 10946357; 23880196; 19016618; 23422832; 21474828; 28122883; 30702457; 21272192; 15136056; 18331615; 17464999; 32058595; 18276752; 31988148; 34603769; 17291449; 20170635; 16503643; 10713080; 10625497; 21674150; 26153221; 12488595; 24733016; 29533793; 12547883; 26582580; 31967154; 28634191; 20112301; 19937569; 21181286; 20360851; 33457418; 21217164; 16123174; 24515116; 18402819; 19028791; 27323079; 18305138; 33211179; 21034810; 11718687; 24162852; 18772361; 32308181; 25703059; 22858201; 28555086; 26759003; 28965954; 16517147; 32982800; 15345670; 19436068; 26832365; 21190831; 25855981; 32952497; 19074161
HMDB0000073	SLC6A3[Transporter]	Sodium-dependent dopamine transporter	Dopamine	Dopamine	30967134; 12707943; 27217152; 28924877; 17466074
HMDB0003345	SLC14A1[Transporter]	Urea transporter 1	alpha-D-Glucose	Glucose	18840552
HMDB0003345	SLC2A1[Transporter]	Solute carrier family 2, facilitated glucose transporter member 1	alpha-D-Glucose	Glucose	27998284; 33145952
HMDB0003345	SLC2A2[Transporter]	Solute carrier family 2, facilitated glucose transporter member 2	alpha-D-Glucose	Glucose	https://en.wikipedia.org/wiki/Glucose_transporter; 30082752; 22001757; 21103350
HMDB0000148	SLC1A5[Transporter]	Neutral amino acid transporter B(0)	L-Glutamic acid	Glutamate	29208682
HMDB0000641	SLC1A5[Transporter]	Neutral amino acid transporter B(0)	L-Glutamine	L-Glutamine; Glutamine	31535081; 30452920; 33953707; 34525179; 27154413; 25683269; 31881361; 28798141; 28507054; 25337245; 23213057; 32438035; 30025811; 33632871; 30935948; 33505538; 32422185; 30470977; 30671766; 25759021; 32747796; 31150647; 34054543; 31668020; 29208682; 32996252; 29542325; 30541099; 30071532; 34075790; 31866442; 26724577; 27055152; 33457003; 29337138; 32021249
HMDB0000641	SLC38A2[Transporter]	Sodium-coupled neutral amino acid transporter 2	L-Glutamine	L-Glutamine; Glutamine	32996252; 25759021; 26724577
HMDB0000641	SLC3A2[Transporter]	4F2 cell-surface antigen heavy chain	L-Glutamine	Glutamine	33953707; 30671766
HMDB0000641	SLC7A5[Transporter]	Large neutral amino acids transporter small subunit 1	L-Glutamine	Glutamine	33953707; 30671766; 26724577; 33505538
HMDB0000125	SLC1A5[Transporter]	Neutral amino acid transporter B(0)	Glutathione	Glutathione	31866442; 34525179
HMDB0003276	CD36[Transporter]	Platelet glycoprotein 4	Hydrogen sulfide	Hydrogen sulfide	31262715
HMDB0015531	SLC11A2[Transporter]	Natural resistance-associated macrophage protein 2	Iron	Iron	23506870
HMDB0015531	SLC40A1[Transporter]	Solute carrier family 40 member 1	Iron	Iron	25209728; 30852438; 27667161; 24644245; 21875943; 20675164; 23506870; 21199650; 33787609; 17181986; 14757427; 15338274; 27773819; 23922661; 29212168; 24121729; 28219768; 28978826; 21175851
HMDB0001311	SLC16A1[Transporter]	Monocarboxylate transporter 1	D-Lactic acid	Lactate	32144120; 22428047
HMDB0001311	SLC38A2[Transporter]	Sodium-coupled neutral amino acid transporter 2	D-Lactic acid	Lactate	32996252
HMDB0000687	SLC1A5[Transporter]	Neutral amino acid transporter B(0)	L-Leucine	Leucine	33953707; 30071532; 30470977
HMDB0000687	SLC3A2[Transporter]	4F2 cell-surface antigen heavy chain	L-Leucine	Leucine	33953707
HMDB0000687	SLC7A5[Transporter]	Large neutral amino acids transporter small subunit 1	L-Leucine	Leucine	33953707
HMDB0000826	CD36[Transporter]	Platelet glycoprotein 4	Pentadecanoic acid	Pentadecanoic acid	26130608; 10913136
HMDB0001429	SLC20A2[Transporter]	Sodium-dependent phosphate transporter 2	Phosphate	Phosphate	30721528
HMDB0000586	ABCC8[Transporter]	ATP-binding cassette sub-family C member 8	Potassium	Potassium	23226049; 24399968; 22050960; 24700710
HMDB0000259	SLC6A4[Transporter]	Sodium-dependent serotonin transporter	Serotonin	Serotonin	33868590; 31342534; 16251523; 25012842
HMDB0000235	SLC19A1[Transporter]	Reduced folate transporter	Thiamine	Thiamine	28284395; 32498429
HMDB0000235	SLC19A2[Transporter]	Thiamine transporter 1	Thiamine	Thiamine	28284395; 32498429
HMDB0003379	ABCA1[Transporter]	Phospholipid-transporting ATPase ABCA1	Triphosphate	Triphosphate	24649047; 19341173; 22811478; 31678514; 26945479; 31724712; 12759900
HMDB0015532	SLC39A6[Transporter]	Zinc transporter ZIP6	Zinc	Zinc	23185754
HMDB0006111	GPR31[Receptor]	12-(S)-hydroxy-5,8,10,14-eicosatetraenoic acid receptor	12-HETE	12-HETE	32918516
HMDB0000338	ESR1[Receptor]	Estrogen receptor	2-Hydroxyestradiol	2-Hydroxyestradiol	27312859
HMDB0006247	ESR1[Receptor]	Estrogen receptor	25-Hydroxycholesterol	25-Hydroxycholesterol	21304949
HMDB0002103	ESR1[Receptor]	Estrogen receptor	27-Hydroxycholesterol	27-Hydroxycholesterol	33408073
HMDB0000022	TAAR1[Receptor]	Trace amine-associated receptor 1	3-Methoxytyramine	3-Methoxytyramine	22483291
HMDB0001149	TSPO2[Transporter]	Translocator protein 2	5-Aminolevulinic acid	5-Aminolevulinic acid	31989647
HMDB0001517	EGFR[Receptor]	Epidermal growth factor receptor	AICAR	AICAR	19625624; 26143491
HMDB0000045	ADORA1[Receptor]	Adenosine receptor A1	Adenosine monophosphate	AMP	32417395
HMDB0000042	TLR4[Receptor]	Toll-like receptor 4	Acetic acid	Acetic acid	23568555
HMDB0000895	CHRM1[Receptor]	Muscarinic acetylcholine receptor M1	Acetylcholine	Acetylcholine	34189496
HMDB0000895	CHRM2[Receptor]	Muscarinic acetylcholine receptor M2	Acetylcholine	Acetylcholine	23743182
HMDB0000895	CHRM3[Receptor]	Muscarinic acetylcholine receptor M3	Acetylcholine	Acetylcholine	12359213
HMDB0000895	CHRNA1[Receptor]	Acetylcholine receptor subunit alpha	Acetylcholine	Acetylcholine	28045942
HMDB0000895	CHRNA2[Receptor]	Neuronal acetylcholine receptor subunit alpha-2	Acetylcholine	Acetylcholine	29785025
HMDB0000895	CHRNA4[Receptor]	Neuronal acetylcholine receptor subunit alpha-4	Acetylcholine	Acetylcholine	15902904
HMDB0000895	CHRNA7[Receptor]	Neuronal acetylcholine receptor subunit alpha-7	Acetylcholine	Acetylcholine	32321403
HMDB0001178	TRPM2[Receptor]	Transient receptor potential cation channel subfamily M member 2	Adenosine diphosphate ribose	Adenosine diphosphate ribose	22493272
HMDB0000050	ADORA1[Receptor]	Adenosine receptor A1	Adenosine	Adenosine	28598776; 23956030; 31675497; 27747290; 28196272; 33067580
HMDB0000050	ADORA2A[Receptor]	Adenosine receptor A2a	Adenosine	Adenosine	34255555; 29298852; 28598776; 23956030; 27747290; 17616786; 19635551
HMDB0000050	ADORA2B[Receptor]	Adenosine receptor A2b	Adenosine	Adenosine	28598776; 23956030; 23540714; 25087184; 27747290; 22504483; 31570448
HMDB0000050	ADORA3[Receptor]	Adenosine receptor A3	Adenosine	Adenosine	23956030; 26194548; 28598776
HMDB0000050	GPR18[Receptor]	N-arachidonyl glycine receptor	Adenosine	Adenosine	33537934
HMDB0000050	GPR55[Receptor]	G-protein coupled receptor 55	Adenosine	Adenosine	33537934; 32103958
HMDB0000037	IGF1R[Receptor]	Insulin-like growth factor 1 receptor	Aldosterone	Aldosterone	22173225
HMDB0004080	CNR1[Receptor]	Cannabinoid receptor 1	Anandamide	Anandamide	26900150; 19862666
HMDB0004080	CNR2[Receptor]	Cannabinoid receptor 2	Anandamide	Anandamide	26900150; 20133390
HMDB0004080	TRPV1[Receptor]	Transient receptor potential cation channel subfamily V member 1	Anandamide	Anandamide	17935697; 29504066; 22568077; 17704831; 23573230; 17591864; 30243113; 22394688; 19647120; 14517174; 16107881
HMDB0000517	AVPR2[Receptor]	Vasopressin V2 receptor	L-Arginine	Arginine	24706579
HMDB0000044	LDLR[Receptor]	Low-density lipoprotein receptor	Ascorbic acid	Ascorbic acid	32913121
HMDB0000043	IGF1R[Receptor]	Insulin-like growth factor 1 receptor	Betaine	Betaine	25410747
HMDB0001903	FAS[Receptor]	Tumor necrosis factor receptor superfamily member 6	Calcitriol	Calcitriol	17406924
HMDB0000464	CALCR[Receptor]	Calcitonin receptor	Calcium	Calcium	7789182
HMDB0000464	CASR[Receptor]	Extracellular calcium-sensing receptor	Calcium	Calcium	27452962; 24244430; 24335970; 34153448; 23546818; 15382619; 19690432; 16596058; 29490306; 23856265; 26608608; 34444650; 22017175; 14508624; 20507089; 15531522; 27441644; 25036254; 18719333; 27692178; 14714270; 9571166; 19923405; 17374704; 26646938; 30407919; 27746743; 14730506; 29101653; 21566074; 17062884; 22722080; 23856262; 19615558; 20661308; 27760455; 20519369; 28575322; 26100412; 29504802; 9050237; 9637715; 19941273; 28615947; 29963899; 32599263; 23856261; 27803672; 10666491; 18980667; 28323996; 21273150; 23856264; 28833550; 28122587; 16740430; 15501733; 27792163; 22620673; 17925789; 23782944; 17046587; 16521071; 27573000; 10199162; 25069966; 19912241; 20578589; 28336825; 9852685; 21985973; 19549694; 24040082; 24966175; 15490411; 22275757; 23740560; 16642557; 19179454; 25967373; 25266236; 23856268; 19839774; 17568787; 19250271; 12574201; 27458380; 24554924; 26729423; 12793088; 33636577; 22886306
HMDB0000464	CCR5[Receptor]	C-C chemokine receptor type 5	Calcium	Calcium	32159364
HMDB0000464	CDH10[Receptor]	Cadherin-10	Calcium	Calcium	32978270
HMDB0000464	CYSLTR1[Receptor]	Cysteinyl leukotriene receptor 1	Calcium	Calcium	20201353
HMDB0000464	CYSLTR2[Receptor]	Cysteinyl leukotriene receptor 2	Calcium	Calcium	20201353
HMDB0000464	GPRC6A[Receptor]	G-protein coupled receptor family C group 6 member A	Calcium	Calcium	26785252
HMDB0000464	GRK2[Receptor]	Beta-adrenergic receptor kinase 1	Calcium	Calcium	34045505
HMDB0000464	HTR2C[Receptor]	5-hydroxytryptamine receptor 2C	Calcium	Calcium	29601948
HMDB0000464	S100A6[Receptor]	Protein S100-A6	Calcium	Calcium	19117405; 23185754
HMDB0000464	TRPA1[Receptor]	Transient receptor potential cation channel subfamily A member 1	Calcium	Calcium	21518269; 22740698; 34389294; 30658323
HMDB0000464	TRPC5[Receptor]	Short transient receptor potential channel 5	Calcium	Calcium	29165691
HMDB0000464	TRPC6[Receptor]	Short transient receptor potential channel 6	Calcium	Calcium	31778750
HMDB0000464	TRPM2[Receptor]	Transient receptor potential cation channel subfamily M member 2	Calcium	Calcium	16720381; 24009611
HMDB0000464	TRPM3[Receptor]	Transient receptor potential cation channel subfamily M member 3	Calcium	Calcium	33164391
HMDB0000464	TRPM6[Receptor]	Transient receptor potential cation channel subfamily M member 6	Calcium	Calcium	17481860
HMDB0000464	TRPV1[Receptor]	Transient receptor potential cation channel subfamily V member 1	Calcium	Calcium	21430076; 21453681; 27899046; 16173059; 33128434; 26113985; 30895621; 31219220; 22184011; 24798548; 28294062; 29967167; 16866345
HMDB0000464	TRPV4[Receptor]	Transient receptor potential cation channel subfamily V member 4	Calcium	Calcium	29899501; 27434269; 16866345
HMDB0000464	TRPV6[Receptor]	Transient receptor potential cation channel subfamily V member 6	Calcium	Calcium	27573000; 27632366; 18276610; 24120915; 20178461; 34153448; 31141273; 18180267; 15284366; 19779013; 19254681; 17224125; 22275757; 33159483; 22931437; 17002582; 25486511; 22589201; 30916584; 20463051; 30170189
HMDB0000067	FZD7[Receptor]	Frizzled-7	Cholesterol	Cholesterol	33637695
HMDB0000067	GPR183[Receptor]	G-protein coupled receptor 183	Cholesterol	Cholesterol	31507605; 29523207
HMDB0000067	LDLR[Receptor]	Low-density lipoprotein receptor	Cholesterol	Cholesterol	10974047; 19063703; 26520906; 20090943; 26281596; 32855525; 23221398; 25487149; 24900971; 32220355; 34103960; 16741953; 27247956; 32236613; 25023761; 25394495; 32368969; 14978770; 18162663; 19913121; 28919473; 25403094; 27834848; 24675665; 33757439; 22911757; 29535632; 28762182; 22470048; 23580231; 27735997; 30273964; 31437157; 30566603; 16236385; 33423309; 7600118; 28515357; 24603306; 12213890; 24950000; 10669643; 25231171; 32334376; 23937379; 29988450; 26495026; 28012395; 30195495; 30896554; 9351364; 15523646; 20049331; 15358785; 22962999; 22544571; 25797218; 27442011; 20857860; 30584280; 34347016; 28469073; 17184503; 30508567; 33429337; 26686234; 26548330; 30182437; 9502769; 24518357; 15617508; 23654093; 27050279; 32438039; 20041784; 9249773; 22761797; 29301853; 34461308; 32109664; 27888903; 23431047; 26085104; 28145001; 21645898; 22683120; 23623643; 23599654; 22936343; 23422832; 22761969; 8941642; 26523989; 29931853; 24505463; 19916081; 23883163; 30600305; 31100394; 10333389; 28100270; 19888660; 33606190; 21343340; 11164418; 19632679; 22593575; 25548917; 17344580; 18672372; 17331334; 27175606; 28751953; 19322023; 31332430; 31358055; 21657943; 21559365; 10493153; 31647302; 27438015; 31511396; 33747976; 24851052; 29092018; 31753053; 31299237; 21273557; 28555288; 30744358; 21734060; 26246324; 32964731; 24940994; 9664080; 27401460; 24373748; 20176131; 26068142; 27707816; 17531953; 30332439; 30592221; 18039658; 30385871; 30704067; 27084371; 30876530; 20028367; 15450205; 26921684; 15118091; 28099631; 10395289; 19067122; 28169529; 22580899; 25468703; 27031271; 27763549; 29398429; 31167970; 32860619; 9405278; 27459037; 25889601; 26535009; 30576926; 24837748; 30768966; 31767163; 31815695; 16741291; 15677715; 27435541; 32161285; 11291309; 21153157; 25587205; 26721317; 17351764; 23166513; 15654122; 33515402; 29545368; 24443560; 9747026; 32644974; 24352472; 31913546; 29190549; 20887597; 19060325; 25272851; 27909053; 28063230; 17709443; 16185916; 29982529; 30741106; 30486328; 20197419; 32050453; 24412220; 27564380; 31004037; 29169169; 11397707; 32705598; 24489659; 24987033; 22332058; 20073037; 11387232; 32759540; 34558270; 26204136; 29204218; 27918728; 24930699; 20580938; 15904870; 22494195; 24256518; 25413784; 33977967; 11369802; 18799458; 10488949; 9360938; 19433409; 25675507; 12910492; 15888329; 22059152; 32685494; 25754609; 25811180; 18193043; 28013406; 24770487; 30765502; 34615375; 11983917; 32727844; 18187606; 24472543; 26546829; 18771980; 11181749; 26786161; 21377952; 32918994; 16920108; 26040332; 27769814; 17720268; 11445560; 29321129; 25070550; 26700830; 24993279; 25201834; 23862065; 27378433; 28292942; 25504870; 27350674; 28874442; 17766366; 9360301; 20459026; 27998977
HMDB0000067	OLR1[Receptor]	Oxidized low-density lipoprotein receptor 1	Cholesterol	Cholesterol	16007265
HMDB0000067	P2RY13[Receptor]	P2Y purinoceptor 13	Cholesterol	Cholesterol	23705026
HMDB0000067	P2RY14[Receptor]	P2Y purinoceptor 14	Cholesterol	Cholesterol	23705026
HMDB0000067	SCARB1[Receptor]	Scavenger receptor class B member 1	Cholesterol	Cholesterol	17379624; 24253048; 29772548; 29285103; 24928939; 23510561; 20926582; 32591337; 24334872; 29516118; 18542840; 26754576; 25245032; 18276752; 25504870; 20064494; 29092018; 31753053; 31017097
HMDB0001547	MC4R[Receptor]	Melanocortin receptor 4	Corticosterone	Corticosterone	24636506
HMDB0000058	CFTR[Receptor]	Cystic fibrosis transmembrane conductance regulator	Cyclic AMP	Cyclic AMP	33441643
HMDB0000574	CD44[Transporter]	CD44 antigen	L-Cysteine	Cysteine	25461272
HMDB0003406	GRIN1[Receptor]	Glutamate receptor ionotropic, NMDA 1	D-Serine	D-Serine	28262924
HMDB0002961	GLP1R[Receptor]	Glucagon-like peptide 1 receptor	Dihydrotestosterone	Dihydrotestosterone	31669915
HMDB0002183	FFAR4[Receptor]	Free fatty acid receptor 4	Docosahexaenoic acid	Docosahexaenoic acid	24005906
HMDB0000073	DRD1[Receptor]	D(1A) dopamine receptor	Dopamine	Dopamine	33017522; 30967134; 12047334; 24909515
HMDB0000073	DRD2[Receptor]	D(2) dopamine receptor	Dopamine	Dopamine	21070510; 10578238; 30967134; 17476365; 15084894; 20975260; 23717492; 17466074; 24772965; 23232665; 26015071; 29466326; 18192895; 19635551; 22876458; 19931559; 11979061; 18366720; 24834916; 23947671; 23266708; 15542698; 29992511; 9129716; 21592505; 10235293; 16403463; 19803686; 11256581; 12497624; 30651332; 24288745
HMDB0000073	DRD3[Receptor]	D(3) dopamine receptor	Dopamine	Dopamine	18366720; 30967134; 12047334; 10578238; 23232665; 29525179; 7914177; 17616385; 17466074; 19931559; 23063408
HMDB0000073	DRD4[Receptor]	D(4) dopamine receptor	Dopamine	Dopamine	18366720; 23717434; 30967134; 15627814; 12624717; 15292670; 16182111; 21615938; 22725835; 22356182; 22575564; 12707943; 27217152; 33868590; 14605948; 17466074; 16930369; 19931559
HMDB0000073	DRD5[Receptor]	D(1B) dopamine receptor	Dopamine	Dopamine	10578238; 12047334
HMDB0000073	ESR1[Receptor]	Estrogen receptor	Dopamine	Dopamine	11932944
HMDB0000073	GHSR[Receptor]	Growth hormone secretagogue receptor type 1	Dopamine	Dopamine	17060947
HMDB0000073	TRPV1[Receptor]	Transient receptor potential cation channel subfamily V member 1	Dopamine	Dopamine	18812233; 24465516
HMDB0001999	FFAR4[Receptor]	Free fatty acid receptor 4	Eicosapentaenoic acid	Eicosapentaenoic acid	27489163
HMDB0000151	ESR1[Receptor]	Estrogen receptor	Estradiol	Estradiol	28490809; 9925803
HMDB0000151	GHSR[Receptor]	Growth hormone secretagogue receptor type 1	Estradiol	Estradiol	24473434
HMDB0000151	PTH1R[Receptor]	Parathyroid hormone/parathyroid hormone-related peptide receptor	Estradiol	Estradiol	34563672
HMDB0000153	ESR1[Receptor]	Estrogen receptor	Estriol	Estriol	27471150
HMDB0000145	ESR1[Receptor]	Estrogen receptor	Estrone	Estrone	9228655
HMDB0000108	CHRNA5[Transporter]	Neuronal acetylcholine receptor subunit alpha-5	Ethanol	Ethanol	29944862
HMDB0000108	GRIN1[Receptor]	Glutamate receptor ionotropic, NMDA 1	Ethanol	Ethanol	26266540
HMDB0000108	GRIN2A[Receptor]	Glutamate receptor ionotropic, NMDA 2A	Ethanol	Ethanol	26266540
HMDB0000108	GRIN2B[Receptor]	Glutamate receptor ionotropic, NMDA 2B	Ethanol	Ethanol	26266540
HMDB0000121	FOLR1[Transporter]	Folate receptor alpha	Folic acid	Folic acid	32581311
HMDB0000121	FOLR2[Transporter]	Folate receptor beta	Folic acid	Folic acid	32581311
HMDB0000112	CALCR[Receptor]	Calcitonin receptor	gamma-Aminobutyric acid	GABA	24098073
HMDB0000112	GABBR1[Receptor]	Gamma-aminobutyric acid type B receptor subunit 1	gamma-Aminobutyric acid	GABA	17266109; 22253714; 26298628
HMDB0000112	GABRG2[Receptor]	Gamma-aminobutyric acid receptor subunit gamma-2	gamma-Aminobutyric acid	GABA; gamma-Aminobutyric acid	22253714; 27367160; 30695556
HMDB0003345	CASR[Receptor]	Extracellular calcium-sensing receptor	alpha-D-Glucose	Glucose	28575322; 28880472; 31756367; 32918657; 33636577
HMDB0003345	GPR21[Receptor]	Probable G-protein coupled receptor 21	alpha-D-Glucose	Glucose	22155242
HMDB0003345	INSR[Transporter]	Insulin receptor	alpha-D-Glucose	Glucose	24359498; 26973181; 24887203; 27354525; 34285117; 25873396; 29102144; 25352008; 18267303; 34536566; 30082752; 26876454; 25040769; 8612577; 18339691; 26347892; 32046372; 34271222; 32191645; 25123125; 27983572; 30034366; 19933998; 25811618; 26596702
HMDB0003345	TAS1R2[Receptor]	Taste receptor type 1 member 2	alpha-D-Glucose	Glucose	19587847
HMDB0003345	TAS1R3[Receptor]	Taste receptor type 1 member 3	alpha-D-Glucose	Glucose	25983343; 25775865; 26107521; 32673349
HMDB0000148	CNR1[Receptor]	Cannabinoid receptor 1	L-Glutamic acid	Glutamate	33053940
HMDB0000148	EGFR[Receptor]	Epidermal growth factor receptor	L-Glutamic acid	Glutamate	32652471; 26980765; 32947664
HMDB0000148	GRIA1[Receptor]	Glutamate receptor 1	L-Glutamic acid	Glutamate	7957959; 20579352
HMDB0000148	GRIA2[Receptor]	Glutamate receptor 2	L-Glutamic acid	Glutamate	30695556; 19166514; 26047211; 25411160
HMDB0000148	GRIA3[Receptor]	Glutamate receptor 3	L-Glutamic acid	Glutamate	30029590; 32839935
HMDB0000148	GRIA4[Receptor]	Glutamate receptor 4	L-Glutamic acid	Glutamate	30029590; 28646511
HMDB0000148	GRID1[Receptor]	Glutamate receptor ionotropic, delta-1	L-Glutamic acid	Glutamate	32109663
HMDB0000148	GRID2[Receptor]	Glutamate receptor ionotropic, delta-2	L-Glutamic acid	Glutamate	11568633
HMDB0000148	GRIK2[Receptor]	Glutamate receptor ionotropic, kainate 2	L-Glutamic acid	Glutamate	30695556
HMDB0000148	GRIK4[Receptor]	Glutamate receptor ionotropic, kainate 4	L-Glutamic acid	Glutamate	30029590
HMDB0000148	GRIN3A[Receptor]	Glutamate receptor ionotropic, NMDA 3A	L-Glutamic acid	Glutamate	30029590
HMDB0000148	GRM1[Receptor]	Metabotropic glutamate receptor 1	L-Glutamic acid	Glutamate	7957959; 22892214; 33145952
HMDB0000148	GRM2[Receptor]	Metabotropic glutamate receptor 2	L-Glutamic acid	Glutamate	30695556; 25411160; 29113156
HMDB0000148	GRM3[Receptor]	Metabotropic glutamate receptor 3	L-Glutamic acid	Glutamate	32839935
HMDB0000148	GRM4[Receptor]	Metabotropic glutamate receptor 4	L-Glutamic acid	Glutamate	28646511
HMDB0000148	GRM5[Receptor]	Metabotropic glutamate receptor 5	L-Glutamic acid	Glutamate	33053940; 30695556
HMDB0000148	GRM7[Receptor]	Metabotropic glutamate receptor 7	L-Glutamic acid	Glutamate	22138407
HMDB0000148	GRM8[Receptor]	Metabotropic glutamate receptor 8	L-Glutamic acid	Glutamate	26537360; 24392270
HMDB0000148	TRPV1[Receptor]	Transient receptor potential cation channel subfamily V member 1	L-Glutamic acid	Glutamate	23108547; 27157265; 20219639; 21957263; 22394688; 23562495
HMDB0000123	GRIN1[Receptor]	Glutamate receptor ionotropic, NMDA 1	Glycine	Glycine	28262924
HMDB0000757	STBD1[Receptor]	Starch-binding domain-containing protein 1	Glycogen	Glycogen	20810658; 21893048; 32927708; 24837458
HMDB0003178	TLR4[Receptor]	Toll-like receptor 4	Heme	Heme	33374506; 27821769
HMDB0003178	TRPV6[Transporter]	Transient receptor potential cation channel subfamily V member 6	Heme	Heme	27142151
HMDB0000870	HRH1[Receptor]	Histamine H1 receptor	Histamine	Histamine	9512916
HMDB0000870	HRH2[Receptor]	Histamine H2 receptor	Histamine	Histamine	9792230
HMDB0000870	HRH3[Receptor]	Histamine H3 receptor	Histamine	Histamine	8960873
HMDB0000870	HRH4[Receptor]	Histamine H4 receptor	Histamine	Histamine	30414378
HMDB0002061	CD44[Receptor]	CD44 antigen	Hyaluronic acid	Hyaluronic acid	18418552; 8886879; 29633614; 18196609; 10730753; 34070901; 15828943; 17236626; 18786151; 16049255; 28107631; 30243136; 32452217; 9326174; 19248616; 22541960; 31198046; 19117298; 20597964
HMDB0003125	TRPM2[Receptor]	Transient receptor potential cation channel subfamily M member 2	Hydrogen peroxide	Hydrogen peroxide	22493272
HMDB0015531	TFR2[Receptor]	Transferrin receptor protein 2	Iron	Iron	27013087; 24847265; 20826723; 18565178; 19729324; 11535534; 24055409; 27169626; 11005792; 20593115; 32621410; 17098454; 11673399; 31707638; 27477597; 11358390; 16932966; 27667161; 32054685; 24644245; 20880062; 26608187; 34199599; 20542038; 25635054; 17241880; 17417667; 17181986; 18094142; 24055163; 26029709; 20133002; 19759876; 21150441; 16158226; 17207112; 15521925; 24284962; 15124225; 15317665; 15893030; 21422745; 22460705; 30186425; 16935854; 11027676; 17042772; 12547237; 24556216; 21864651; 34156073; 33323945; 29434729; 17428703; 23582421; 28978826; 30360575; 30034931; 15701302; 12406888
HMDB0015531	TFRC[Receptor]	Transferrin receptor protein 1	Iron	Iron	21326867; 27773819; 22237814; 31401526; 23115478; 24890018; 33393230; 18603562; 25550467; 33693820; 23416069; 30076742; 32672503; 34389031; 34386079
HMDB0000715	GPR35[Receptor]	G-protein coupled receptor 35	Kynurenic acid	Kynurenic acid	22523636; 23123095; 30141532; 29414686; 16754668
HMDB0000517	GPRC6A[Receptor]	G-protein coupled receptor family C group 6 member A	L-Arginine	L-Arginine	22714012
HMDB0000062	NPHS1[Receptor]	Nephrin	L-Carnitine	L-Carnitine	20946020
HMDB0000159	GPR142[Receptor]	Probable G-protein coupled receptor 142	L-Phenylalanine	Phenylalanine; L-Phenylalanine	27322810
HMDB0000929	GPR142[Receptor]	Probable G-protein coupled receptor 142	L-Tryptophan	L-Tryptophan	27322810
HMDB0001311	HCAR1[Receptor]	Hydroxycarboxylic acid receptor 1	D-Lactic acid	Lactate	25881750; 34093243; 30728759; 25425080; 33659884; 26677077
HMDB0001251	HRH2[Receptor]	Histamine H2 receptor	Lanosterol	Lanosterol	29142437
HMDB0000673	TRPV1[Receptor]	Transient receptor potential cation channel subfamily V member 1	Linoleic acid	Linoleic acid	23867730; 23891895
HMDB0000673	TRPV4[Receptor]	Transient receptor potential cation channel subfamily V member 4	Linoleic acid	Linoleic acid	25061872
HMDB0004385	ESR1[Receptor]	Estrogen receptor	Lipoxin A4	Lipoxin A4	24587003
HMDB0000761	GPBAR1[Receptor]	G-protein coupled bile acid receptor 1	Lithocholic acid	Lithocholic acid	26567894; 29290621; 27765751
HMDB0000761	TGFBR1[Receptor]	TGF-beta receptor type-1	Lithocholic acid	Lithocholic acid	23034213
HMDB0000761	TGFBR2[Receptor]	TGF-beta receptor type-2	Lithocholic acid	Lithocholic acid	23034213
HMDB0001389	MTNR1A[Receptor]	Melatonin receptor type 1A	Melatonin	Melatonin	26067916
HMDB0001389	MTNR1B[Receptor]	Melatonin receptor type 1B	Melatonin	Melatonin	28708046; 19651812; 25132852; 25160745; 33220095; 31901302; 29590381; 26440713
HMDB0001389	TRPV1[Receptor]	Transient receptor potential cation channel subfamily V member 1	Melatonin	Melatonin	26525975; 26389691
HMDB0003378	CD47[Receptor]	Leukocyte surface antigen CD47	Nitric oxide	Nitric oxide	33854480
HMDB0000159	FAS[Receptor]	Tumor necrosis factor receptor superfamily member 6	L-Phenylalanine	Phenylalanine	23940767; 34447801
HMDB0001429	CASR[Receptor]	Extracellular calcium-sensing receptor	Phosphate	Phosphate	28615947
HMDB0001429	FGFR1[Transporter]	Fibroblast growth factor receptor 1	Phosphate	Phosphate	25089825; 28515153; 24259513; 31237331; 17623664
HMDB0001429	FGFR4[Transporter]	Fibroblast growth factor receptor 4	Phosphate	Phosphate	24259513
HMDB0001830	OXTR[Receptor]	Oxytocin receptor	Progesterone	Progesterone	17765941
HMDB0001830	SPHK1[Receptor]	Sphingosine kinase 1	Progesterone	Progesterone	20007411; 17164439
HMDB0001403	PTGDR[Receptor]	Prostaglandin D2 receptor	Prostaglandin D2	Prostaglandin D2	34389612
HMDB0001403	PTGDR2[Receptor]	Prostaglandin D2 receptor 2	Prostaglandin D2	Prostaglandin D2	33593806
HMDB0001403	PTGER4[Receptor]	Prostaglandin E2 receptor EP4 subtype	Prostaglandin D2	Prostaglandin D2	33129574
HMDB0001220	EPHB4[Receptor]	Ephrin type-B receptor 4	Prostaglandin E2	Prostaglandin E2	19035475
HMDB0001220	PTGER1[Receptor]	Prostaglandin E2 receptor EP1 subtype	Prostaglandin E2	Prostaglandin E2	17761898
HMDB0001220	PTGER2[Receptor]	Prostaglandin E2 receptor EP2 subtype	Prostaglandin E2	Prostaglandin E2	17761898
HMDB0001220	PTGER4[Receptor]	Prostaglandin E2 receptor EP4 subtype	Prostaglandin E2	Prostaglandin E2	33129574
HMDB0001358	FFAR1[Receptor]	Free fatty acid receptor 1	Retinal	Retinal	27270778; 26974308
HMDB0001358	STRA6[Transporter]	Receptor for retinol uptake STRA6	Retinal	Retinal	27830500
HMDB0000244	SLC52A1[Transporter]	Solute carrier family 52, riboflavin transporter, member 1	Riboflavin	Riboflavin	30446350; 29122468
HMDB0000244	SLC52A2[Transporter]	Solute carrier family 52, riboflavin transporter, member 2	Riboflavin	Riboflavin	31500345; 22864630
HMDB0000259	HTR1A[Receptor]	5-hydroxytryptamine receptor 1A	Serotonin	Serotonin	16251523
HMDB0000259	HTR1B[Receptor]	5-hydroxytryptamine receptor 1B	Serotonin	Serotonin	28555718; 29860743; 23964727; 24074042
HMDB0000259	HTR1D[Receptor]	5-hydroxytryptamine receptor 1D	Serotonin	Serotonin	20581837
HMDB0000259	HTR2A[Receptor]	5-hydroxytryptamine receptor 2A	Serotonin	Serotonin	20521326; 32857933; 16251523; 27959337; 27024926; 32615731
HMDB0000259	HTR2B[Receptor]	5-hydroxytryptamine receptor 2B	Serotonin	Serotonin	20581837; 34618686
HMDB0000259	HTR2C[Receptor]	5-hydroxytryptamine receptor 2C	Serotonin	Serotonin	27681143
HMDB0000259	HTR3A[Receptor]	5-hydroxytryptamine receptor 3A	Serotonin	Serotonin	31342534; 30695556
HMDB0000259	HTR3B[Receptor]	5-hydroxytryptamine receptor 3B	Serotonin	Serotonin	23183509
HMDB0000259	HTR4[Receptor]	5-hydroxytryptamine receptor 4	Serotonin	Serotonin	30695556
HMDB0000259	HTR6[Receptor]	5-hydroxytryptamine receptor 6	Serotonin	Serotonin	18256283
HMDB0000259	SSTR3[Receptor]	Somatostatin receptor type 3	Serotonin	Serotonin	18256283
HMDB0000259	TRPC5[Receptor]	Short transient receptor potential channel 5	Serotonin	Serotonin	28099839
HMDB0000259	TRPC6[Receptor]	Short transient receptor potential channel 6	Serotonin	Serotonin	24259679
HMDB0000277	S1PR1[Receptor]	Sphingosine 1-phosphate receptor 1	Sphingosine 1-phosphate	Sphingosine 1-phosphate	24977489; 25197261
HMDB0000277	S1PR2[Receptor]	Sphingosine 1-phosphate receptor 2	Sphingosine 1-phosphate	Sphingosine 1-phosphate	26518876; 25363242; 26669941
HMDB0000277	S1PR3[Receptor]	Sphingosine 1-phosphate receptor 3	Sphingosine 1-phosphate	Sphingosine 1-phosphate	28943478
HMDB0000277	S1PR5[Receptor]	Sphingosine 1-phosphate receptor 5	Sphingosine 1-phosphate	Sphingosine 1-phosphate	24977489
HMDB0000254	SUCNR1[Receptor]	Succinate receptor 1	Succinic acid	Succinate	25352636; 34270263; 33916314; 26808164; 33279412; 34301438; 29894669; 34233171
HMDB0000234	GPRC6A[Receptor]	G-protein coupled receptor family C group 6 member A	Testosterone	Testosterone	26785252; 29468843; 24032653; 24998176; 22374969; 24193547; 25093461; 27673554; 33474566; 28180060; 26440882; 31558901
HMDB0000234	HTR2B[Receptor]	5-hydroxytryptamine receptor 2B	Testosterone	Testosterone	27420381
HMDB0001452	TBXA2R[Receptor]	Thromboxane A2 receptor	Thromboxane A2	Thromboxane A2	9774254
HMDB0000158	GPR35[Receptor]	G-protein coupled receptor 35	L-Tyrosine	Tyrosine	22523636
HMDB0000305	STRA6[Transporter]	Receptor for retinol uptake STRA6	Vitamin A	Vitamin A	21782034; 19112531; 25481334; 22665496; 27830501; 32597569; 21704730; 23591992; 26729422; 31956331; 26373900
HMDB0000292	ADORA1[Receptor]	Adenosine receptor A1	Xanthine	Xanthine	31675497
HMDB0000112	GABBR2[Receptor]	Gamma-aminobutyric acid type B receptor subunit 2	gamma-Aminobutyric acid	gamma-Aminobutyric acid	30610899
HMDB0000112	GABRA1[Receptor]	Gamma-aminobutyric acid receptor subunit alpha-1	gamma-Aminobutyric acid	gamma-Aminobutyric acid	30891080
HMDB0000112	GABRA4[Receptor]	Gamma-aminobutyric acid receptor subunit alpha-4	gamma-Aminobutyric acid	gamma-Aminobutyric acid	33594062
HMDB0000112	GABRB2[Receptor]	Gamma-aminobutyric acid receptor subunit beta-2	gamma-Aminobutyric acid	gamma-Aminobutyric acid	33594062
HMDB0000067	ABCB1[Transporter]	ATP-dependent translocase ABCB1	Cholesterol	Cholesterol	HMDB
HMDB0000125	ABCC1[Transporter]	Multidrug resistance-associated protein 1	Glutathione	Glutathione	HMDB
HMDB0000125	ABCC2[Transporter]	ATP-binding cassette sub-family C member 2	Glutathione	Glutathione	HMDB
HMDB0000125	ABCC3[Transporter]	ATP-binding cassette sub-family C member 3	Glutathione	Glutathione	HMDB
HMDB0000125	ABCC4[Transporter]	ATP-binding cassette sub-family C member 4	Glutathione	Glutathione	HMDB
HMDB0000125	ABCC5[Transporter]	Multidrug resistance-associated protein 5	Glutathione	Glutathione	HMDB
HMDB0000067	ABCG2[Transporter]	Broad substrate specificity ATP-binding cassette transporter ABCG2	Cholesterol	Cholesterol	HMDB
HMDB0000123	SLC16A10[Transporter]	Monocarboxylate transporter 10	Glycine	Glycine	HMDB
HMDB0000097	SLC22A1[Transporter]	Solute carrier family 22 member 1	Choline	Choline	HMDB
HMDB0001256	SLC22A1[Transporter]	Solute carrier family 22 member 1	Spermine	Spermine	HMDB
HMDB0001414	SLC22A4[Transporter]	Solute carrier family 22 member 4	Putrescine	Putrescine	HMDB
HMDB0001256	SLC22A4[Transporter]	Solute carrier family 22 member 4	Spermine	Spermine	HMDB
HMDB0000064	SLC16A12[Transporter]	Monocarboxylate transporter 12	Creatine	Creatine	23578822
HMDB0000064	SLC22A5[Transporter]	Solute carrier family 22 member 5	Creatine	Creatine	HMDB
HMDB0000123	SLC36A1[Transporter]	Proton-coupled amino acid transporter 1	Glycine	Glycine	HMDB
HMDB0000097	SLC44A1[Transporter]	Choline transporter-like protein 1	Choline	Choline	HMDB
HMDB0000097	SLC44A2[Transporter]	Choline transporter-like protein 2	Choline	Choline	HMDB
HMDB0000097	SLC44A3[Transporter]	Choline transporter-like protein 3	Choline	Choline	HMDB
HMDB0000097	SLC44A4[Transporter]	Choline transporter-like protein 4	Choline	Choline	HMDB
HMDB0000097	SLC5A7[Transporter]	High affinity choline transporter 1	Choline	Choline	HMDB
HMDB0000243	SLC16A11[Transporter]	Monocarboxylate transporter 11	Pyruvic acid	Pyruvate	28666119
HMDB0000243	SLC16A1[Transporter]	Monocarboxylate transporter 1	Pyruvic acid	Pyruvate	31882442
HMDB0000254	SLC13A5[Transporter]	Solute carrier family 13 member 5	Succinic acid	Succinate	31882442
HMDB0000094	SLC13A5[Transporter]	Solute carrier family 13 member 5	Citric acid	Citrate	33597751
HMDB0000134	SLC13A5[Transporter]	Solute carrier family 13 member 5	Fumaric acid	Fumarate	31882442
HMDB0000156	SLC13A5[Transporter]	Solute carrier family 13 member 5	Malic acid	Malate	31882442
HMDB0000156	SLC1A3[Transporter]	Excitatory amino acid transporter 1	Malic acid	Malate	https://en.wikipedia.org/wiki/Excitatory_amino_acid_transporter_1
HMDB0000187	SLC7A10[Transporter]	Asc-type amino acid transporter 1	L-Serine	Serine	33269112
HMDB0000187	SLC3A2[Transporter]	4F2 cell-surface antigen heavy chain	L-Serine	Serine	33269112
HMDB0000187	SLC1A4[Transporter]	Neutral amino acid transporter A	L-Serine	Serine	33269112
HMDB0000187	SLC1A5[Transporter]	Neutral amino acid transporter B(0)	L-Serine	Serine	33269112
HMDB0000574	SLC7A11[Transporter]	Cystine/glutamate transporter	L-Cysteine	Cysteine	33000412
HMDB0000696	SLC7A5[Transporter]	Large neutral amino acids transporter small subunit 1	L-Methionine	Methionine	32377929
HMDB0000168	SLC1A5[Transporter]	Neutral amino acid transporter B(0)	L-Asparagine	Asparagine	33420487
HMDB0000641	SLC6A14[Transporter]	Sodium- and chloride-dependent neutral and basic amino acid transporter B(0+)	L-Glutamine	Glutamine	26724577
HMDB0000641	SLC6A19[Transporter]	Sodium-dependent neutral amino acid transporter B(0)AT1	L-Glutamine	Glutamine	26724577
HMDB0000641	SLC7A6[Transporter]	Y+L amino acid transporter 2	L-Glutamine	Glutamine	26724577
HMDB0000641	SLC7A7[Transporter]	Y+L amino acid transporter 1	L-Glutamine	Glutamine	26724577
HMDB0000641	SLC38A1[Transporter]	Sodium-coupled neutral amino acid transporter 1	L-Glutamine	Glutamine	26724577
HMDB0000641	SLC38A3[Transporter]	Sodium-coupled neutral amino acid transporter 3	L-Glutamine	Glutamine	26724577
HMDB0000641	SLC38A5[Transporter]	Sodium-coupled neutral amino acid transporter 5	L-Glutamine	Glutamine	26724577
HMDB0000641	SLC38A7[Transporter]	Putative sodium-coupled neutral amino acid transporter 7	L-Glutamine	Glutamine	26724577
HMDB0000641	SLC38A8[Transporter]	Putative sodium-coupled neutral amino acid transporter 8	L-Glutamine	Glutamine	26724577
HMDB0003345	SLC2A3[Transporter]	Solute carrier family 2, facilitated glucose transporter member 3	alpha-D-Glucose	Glucose	https://en.wikipedia.org/wiki/Glucose_transporter
HMDB0003345	SLC2A4[Transporter]	Solute carrier family 2, facilitated glucose transporter member 4	alpha-D-Glucose	Glucose	https://en.wikipedia.org/wiki/Glucose_transporter
HMDB0003345	SLC2A14[Transporter]	Solute carrier family 2, facilitated glucose transporter member 14	alpha-D-Glucose	Glucose	https://en.wikipedia.org/wiki/Glucose_transporter
HMDB0003345	SLC5A1[Transporter]	Sodium/glucose cotransporter 1	alpha-D-Glucose	Glucose	31882442
HMDB0003345	SLC5A2[Transporter]	Sodium/glucose cotransporter 2	alpha-D-Glucose	Glucose	31882442
HMDB0000112	SLC6A1[Transporter]	Sodium- and chloride-dependent GABA transporter 1	gamma-Aminobutyric acid	GABA	https://en.wikipedia.org/wiki/GABA_transporter
HMDB0000112	SLC6A13[Transporter]	Sodium- and chloride-dependent GABA transporter 2	gamma-Aminobutyric acid	GABA	https://en.wikipedia.org/wiki/GABA_transporter
HMDB0000112	SLC6A11[Transporter]	Sodium- and chloride-dependent GABA transporter 3	gamma-Aminobutyric acid	GABA	https://en.wikipedia.org/wiki/GABA_transporter
HMDB0000112	SLC6A12[Transporter]	Sodium- and chloride-dependent betaine transporter	gamma-Aminobutyric acid	GABA	https://en.wikipedia.org/wiki/GABA_transporter
HMDB0000112	SLC6A8[Transporter]	Sodium- and chloride-dependent creatine transporter 1	gamma-Aminobutyric acid	GABA	https://en.wikipedia.org/wiki/GABA_transporter
HMDB0000112	SLC6A6[Transporter]	Sodium- and chloride-dependent taurine transporter	gamma-Aminobutyric acid	GABA	https://en.wikipedia.org/wiki/GABA_transporter
HMDB0000158	SLC7A5[Transporter]	Large neutral amino acids transporter small subunit 1	L-Tyrosine	Tyrosine	32377929
HMDB0000191	SLC1A2[Transporter]	Excitatory amino acid transporter 2	L-Aspartic acid	Aspartate	31269432
HMDB0000177	SLC7A5[Transporter]	Large neutral amino acids transporter small subunit 1	L-Histidine	Histidine	32377929
HMDB0000159	SLC7A5[Transporter]	Large neutral amino acids transporter small subunit 1	L-Phenylalanine	Phenylalanine	32377929
HMDB0000883	SLC43A1[Transporter]	Large neutral amino acids transporter small subunit 3	L-Valine	Valine	31997805
HMDB0000172	SLC43A1[Transporter]	Large neutral amino acids transporter small subunit 3	L-Isoleucine	Isoleucine	31997805
HMDB0000687	SLC43A1[Transporter]	Large neutral amino acids transporter small subunit 3	L-Leucine	Leucine	31997805
HMDB0000757	ADRB1[Receptor]	Beta-1 adrenergic receptor	Glycogen	Glycogen	26964834
HMDB0000757	ADRB2[Receptor]	Beta-2 adrenergic receptor	Glycogen	Glycogen	26964834
HMDB0000757	ADRB3[Receptor]	Beta-3 adrenergic receptor	Glycogen	Glycogen	26964834
HMDB0000757	GCGR[Receptor]	Glucagon receptor	Glycogen	Glycogen	26964834
HMDB0000034	SLC28A3[Transporter]	Solute carrier family 28 member 3	Adenine	Adenine	33972798
HMDB0000034	SLC29A3[Transporter]	Equilibrative nucleoside transporter 3	Adenine	Adenine	33972798
HMDB0000034	SLC35F5[Transporter]	Solute carrier family 35 member F5	Adenine	Adenine	33972798
HMDB0000998	ALDOC[Interacting]	Fructose-bisphosphate aldolase C	dCTP	Deoxycytidine triphosphate	https://www.biorxiv.org/content/10.1101/2021.08.28.458030v1
HMDB0001031	ALDOC[Interacting]	Fructose-bisphosphate aldolase C	Deoxyribose 5-phosphate	2-Deoxyribose-5-phosphate	https://www.biorxiv.org/content/10.1101/2021.08.28.458030v1
HMDB0000034	ALDOC[Interacting]	Fructose-bisphosphate aldolase C	Adenine	Adenine	https://www.biorxiv.org/content/10.1101/2021.08.28.458030v1
HMDB0001375	ALDOC[Interacting]	Fructose-bisphosphate aldolase C	3-Hydroxy-3-methylglutaryl-CoA	3-Hydroxy-3-methylglutaryl coenzyme A	https://www.biorxiv.org/content/10.1101/2021.08.28.458030v1
HMDB0001175	ALDOC[Interacting]	Fructose-bisphosphate aldolase C	Malonyl-CoA	Malonyl coenzyme A	https://www.biorxiv.org/content/10.1101/2021.08.28.458030v1
HMDB0001367	ALDOC[Interacting]	Fructose-bisphosphate aldolase C	N-Acetyl-glucosamine 1-phosphate	N-Acetyl-D-glucosamine 1-phosphate	https://www.biorxiv.org/content/10.1101/2021.08.28.458030v1
HMDB0001508	ALDOC[Interacting]	Fructose-bisphosphate aldolase C	dADP	Deoxyadenosine diphosphate	https://www.biorxiv.org/content/10.1101/2021.08.28.458030v1
HMDB0000086	ALDOC[Interacting]	Fructose-bisphosphate aldolase C	Glycerophosphocholine	L-alpha-Glycerophosphorylcholine	https://www.biorxiv.org/content/10.1101/2021.08.28.458030v1
HMDB0001191	ALDOC[Interacting]	Fructose-bisphosphate aldolase C	Deoxyuridine triphosphate	Deoxyuridine triphosphate	https://www.biorxiv.org/content/10.1101/2021.08.28.458030v1
HMDB0001342	ALDOC[Interacting]	Fructose-bisphosphate aldolase C	Thymidine 5'-triphosphate	Thymidine 5-triphosphate	https://www.biorxiv.org/content/10.1101/2021.08.28.458030v1
HMDB0000517	CASTOR1[Interacting]	Cytosolic arginine sensor for mTORC1 subunit 1	L-Arginine	L-Arginine	https://www.biorxiv.org/content/10.1101/2021.08.28.458030v1
HMDB0000272	ENO1[Interacting]	Alpha-enolase	Phosphoserine	O-Phospho-L-serine	https://www.biorxiv.org/content/10.1101/2021.08.28.458030v1
HMDB0000272	ENO2[Interacting]	Gamma-enolase	Phosphoserine	O-Phospho-L-serine	https://www.biorxiv.org/content/10.1101/2021.08.28.458030v1
HMDB0000905	FBP1[Interacting]	Fructose-1,6-bisphosphatase 1	Deoxyadenosine monophosphate	Deoxyadenosine monophosphate	https://www.biorxiv.org/content/10.1101/2021.08.28.458030v1
HMDB0000905	FBP2[Interacting]	Fructose-1,6-bisphosphatase isozyme 2	Deoxyadenosine monophosphate	Deoxyadenosine monophosphate	https://www.biorxiv.org/content/10.1101/2021.08.28.458030v1
HMDB0001554	FBP2[Interacting]	Fructose-1,6-bisphosphatase isozyme 2	Xanthylic acid	Xanthosine 5-monophosphate	https://www.biorxiv.org/content/10.1101/2021.08.28.458030v1
HMDB0000045	FBP2[Interacting]	Fructose-1,6-bisphosphatase isozyme 2	Adenosine monophosphate	Adenosine monophosphate	https://www.biorxiv.org/content/10.1101/2021.08.28.458030v1
HMDB0001397	FBP2[Interacting]	Fructose-1,6-bisphosphatase isozyme 2	Guanosine monophosphate	Guanosine 5-monophosphate	https://www.biorxiv.org/content/10.1101/2021.08.28.458030v1
HMDB0001508	FBP2[Interacting]	Fructose-1,6-bisphosphatase isozyme 2	dADP	Deoxyadenosine diphosphate	https://www.biorxiv.org/content/10.1101/2021.08.28.458030v1
HMDB0000902	GAPDH[Interacting]	Glyceraldehyde-3-phosphate dehydrogenase	NAD	NAD	https://www.biorxiv.org/content/10.1101/2021.08.28.458030v1
HMDB0001248	GAPDH[Interacting]	Glyceraldehyde-3-phosphate dehydrogenase	FAD	Flavin adenine dinucleotide	https://www.biorxiv.org/content/10.1101/2021.08.28.458030v1
HMDB0000058	GAPDH[Interacting]	Glyceraldehyde-3-phosphate dehydrogenase	Cyclic AMP	Cyclic AMP	https://www.biorxiv.org/content/10.1101/2021.08.28.458030v1
HMDB0001406	GAPDH[Interacting]	Glyceraldehyde-3-phosphate dehydrogenase	Niacinamide	Nicotinamide	https://www.biorxiv.org/content/10.1101/2021.08.28.458030v1
HMDB0000229	GAPDH[Interacting]	Glyceraldehyde-3-phosphate dehydrogenase	Nicotinamide ribotide	Nicotinamide ribotide	https://www.biorxiv.org/content/10.1101/2021.08.28.458030v1
HMDB0000998	GAPDH[Interacting]	Glyceraldehyde-3-phosphate dehydrogenase	dCTP	Deoxycytidine triphosphate	https://www.biorxiv.org/content/10.1101/2021.08.28.458030v1
HMDB0000218	GAPDH[Interacting]	Glyceraldehyde-3-phosphate dehydrogenase	Orotidylic acid	Orotidine 5-monophosphate	https://www.biorxiv.org/content/10.1101/2021.08.28.458030v1
HMDB0004045	GAPDH[Interacting]	Glyceraldehyde-3-phosphate dehydrogenase	3-Sulfopyruvic acid	3-Sulfopyruvic acid	https://www.biorxiv.org/content/10.1101/2021.08.28.458030v1
HMDB0001191	GCK[Interacting]	Hexokinase-4	Deoxyuridine triphosphate	Deoxyuridine triphosphate	https://www.biorxiv.org/content/10.1101/2021.08.28.458030v1
HMDB0001508	GCK[Interacting]	Hexokinase-4	dADP	Deoxyadenosine diphosphate	https://www.biorxiv.org/content/10.1101/2021.08.28.458030v1
HMDB0001375	GCK[Interacting]	Hexokinase-4	3-Hydroxy-3-methylglutaryl-CoA	3-Hydroxy-3-methylglutaryl coenzyme A	https://www.biorxiv.org/content/10.1101/2021.08.28.458030v1
HMDB0001031	GCK[Interacting]	Hexokinase-4	Deoxyribose 5-phosphate	2-Deoxyribose-5-phosphate	https://www.biorxiv.org/content/10.1101/2021.08.28.458030v1
HMDB0001175	GCK[Interacting]	Hexokinase-4	Malonyl-CoA	Malonyl coenzyme A	https://www.biorxiv.org/content/10.1101/2021.08.28.458030v1
HMDB0001134	GCK[Interacting]	Hexokinase-4	Phosphoadenosine phosphosulfate	3-Phosphoadenosine 5-phosphosulfate	https://www.biorxiv.org/content/10.1101/2021.08.28.458030v1
HMDB0000221	GCK[Interacting]	Hexokinase-4	NADPH	NADPH	https://www.biorxiv.org/content/10.1101/2021.08.28.458030v1
HMDB0000223	GCK[Interacting]	Hexokinase-4	Oxalacetic acid	Oxaloacetic acid	https://www.biorxiv.org/content/10.1101/2021.08.28.458030v1
HMDB0000217	GCK[Interacting]	Hexokinase-4	NADP	NADP	https://www.biorxiv.org/content/10.1101/2021.08.28.458030v1
HMDB0001113	GCK[Interacting]	Hexokinase-4	Isovaleryl-CoA	Isovaleryl coenzyme A	https://www.biorxiv.org/content/10.1101/2021.08.28.458030v1
HMDB0000189	GCK[Interacting]	Hexokinase-4	Inosine triphosphate	Inosine 5-triphosphate	https://www.biorxiv.org/content/10.1101/2021.08.28.458030v1
HMDB0001206	GCK[Interacting]	Hexokinase-4	Acetyl-CoA	Acetyl coenzyme A	https://www.biorxiv.org/content/10.1101/2021.08.28.458030v1
HMDB0001166	GCK[Interacting]	Hexokinase-4	3-Hydroxybutyryl-CoA	3-Hydroxybutyryl coenzyme A	https://www.biorxiv.org/content/10.1101/2021.08.28.458030v1
HMDB0001201	GCK[Interacting]	Hexokinase-4	Guanosine diphosphate	Guanosine 5-diphosphate	https://www.biorxiv.org/content/10.1101/2021.08.28.458030v1
HMDB0000285	HK1[Interacting]	Hexokinase-1	Uridine triphosphate	Uridine 5-triphosphate	https://www.biorxiv.org/content/10.1101/2021.08.28.458030v1
HMDB0001508	HK1[Interacting]	Hexokinase-1	dADP	Deoxyadenosine diphosphate	https://www.biorxiv.org/content/10.1101/2021.08.28.458030v1
HMDB0001275	HK1[Interacting]	Hexokinase-1	Propionyl-CoA	Propionyl coenzyme A	https://www.biorxiv.org/content/10.1101/2021.08.28.458030v1
HMDB0001565	IDH2[Interacting]	Isocitrate dehydrogenase [NADP], mitochondrial	Phosphorylcholine	Phosphocholine	https://www.biorxiv.org/content/10.1101/2021.08.28.458030v1
HMDB0000082	IDH2[Interacting]	Isocitrate dehydrogenase [NADP], mitochondrial	Cytidine triphosphate	Cytidine 5-triphosphate	https://www.biorxiv.org/content/10.1101/2021.08.28.458030v1
HMDB0001367	IDH2[Interacting]	Isocitrate dehydrogenase [NADP], mitochondrial	N-Acetyl-glucosamine 1-phosphate	N-Acetyl-D-glucosamine 1-phosphate	https://www.biorxiv.org/content/10.1101/2021.08.28.458030v1
HMDB0000998	IDH2[Interacting]	Isocitrate dehydrogenase [NADP], mitochondrial	dCTP	Deoxycytidine triphosphate	https://www.biorxiv.org/content/10.1101/2021.08.28.458030v1
HMDB0000881	IDH2[Interacting]	Isocitrate dehydrogenase [NADP], mitochondrial	Xanthurenic acid	Xanthurenic acid	https://www.biorxiv.org/content/10.1101/2021.08.28.458030v1
HMDB0001316	IDH2[Interacting]	Isocitrate dehydrogenase [NADP], mitochondrial	6-Phosphogluconic acid	6-Phosphogluconic acid	https://www.biorxiv.org/content/10.1101/2021.08.28.458030v1
HMDB0000218	IDH2[Interacting]	Isocitrate dehydrogenase [NADP], mitochondrial	Orotidylic acid	Orotidine 5-monophosphate	https://www.biorxiv.org/content/10.1101/2021.08.28.458030v1
HMDB0000280	IDH2[Interacting]	Isocitrate dehydrogenase [NADP], mitochondrial	Phosphoribosyl pyrophosphate	5-Phospho-D-ribose 1-diphosphate	https://www.biorxiv.org/content/10.1101/2021.08.28.458030v1
HMDB0000189	IDH2[Interacting]	Isocitrate dehydrogenase [NADP], mitochondrial	Inosine triphosphate	Inosine 5-triphosphate	https://www.biorxiv.org/content/10.1101/2021.08.28.458030v1
HMDB0000208	IDH2[Interacting]	Isocitrate dehydrogenase [NADP], mitochondrial	Oxoglutaric acid	Ketoglutaric acid	https://www.biorxiv.org/content/10.1101/2021.08.28.458030v1
HMDB0001248	LDHA[Interacting]	L-lactate dehydrogenase A chain	FAD	Flavin adenine dinucleotide	https://www.biorxiv.org/content/10.1101/2021.08.28.458030v1
HMDB0000902	LDHA[Interacting]	L-lactate dehydrogenase A chain	NAD	NAD	https://www.biorxiv.org/content/10.1101/2021.08.28.458030v1
HMDB0000229	LDHA[Interacting]	L-lactate dehydrogenase A chain	Nicotinamide ribotide	Nicotinamide ribotide	https://www.biorxiv.org/content/10.1101/2021.08.28.458030v1
HMDB0000536	LDHA[Interacting]	L-lactate dehydrogenase A chain	Adenylsuccinic acid	Adenylosuccinic acid	https://www.biorxiv.org/content/10.1101/2021.08.28.458030v1
HMDB0000235	LDHA[Interacting]	L-lactate dehydrogenase A chain	Thiamine	Thiamine	https://www.biorxiv.org/content/10.1101/2021.08.28.458030v1
HMDB0001373	LDHA[Interacting]	L-lactate dehydrogenase A chain	Dephospho-CoA	Dephosphocoenzyme A	https://www.biorxiv.org/content/10.1101/2021.08.28.458030v1
HMDB0001487	LDHA[Interacting]	L-lactate dehydrogenase A chain	NADH	NADH	https://www.biorxiv.org/content/10.1101/2021.08.28.458030v1
HMDB0000939	LDHA[Interacting]	L-lactate dehydrogenase A chain	S-Adenosylhomocysteine	S-(5-Adenosyl)-L-homocysteine	https://www.biorxiv.org/content/10.1101/2021.08.28.458030v1
HMDB0000881	LDHA[Interacting]	L-lactate dehydrogenase A chain	Xanthurenic acid	Xanthurenic acid	https://www.biorxiv.org/content/10.1101/2021.08.28.458030v1
HMDB0001248	LDHB[Interacting]	L-lactate dehydrogenase B chain	FAD	Flavin adenine dinucleotide	https://www.biorxiv.org/content/10.1101/2021.08.28.458030v1
HMDB0000902	LDHB[Interacting]	L-lactate dehydrogenase B chain	NAD	NAD	https://www.biorxiv.org/content/10.1101/2021.08.28.458030v1
HMDB0001373	LDHB[Interacting]	L-lactate dehydrogenase B chain	Dephospho-CoA	Dephosphocoenzyme A	https://www.biorxiv.org/content/10.1101/2021.08.28.458030v1
HMDB0000045	LDHB[Interacting]	L-lactate dehydrogenase B chain	Adenosine monophosphate	Adenosine monophosphate	https://www.biorxiv.org/content/10.1101/2021.08.28.458030v1
HMDB0000223	LDHB[Interacting]	L-lactate dehydrogenase B chain	Oxalacetic acid	Oxaloacetic acid	https://www.biorxiv.org/content/10.1101/2021.08.28.458030v1
HMDB0000085	LDHB[Interacting]	L-lactate dehydrogenase B chain	Deoxyguanosine	2-Deoxyguanosine	https://www.biorxiv.org/content/10.1101/2021.08.28.458030v1
HMDB0000881	LDHB[Interacting]	L-lactate dehydrogenase B chain	Xanthurenic acid	Xanthurenic acid	https://www.biorxiv.org/content/10.1101/2021.08.28.458030v1
HMDB0001487	LDHB[Interacting]	L-lactate dehydrogenase B chain	NADH	NADH	https://www.biorxiv.org/content/10.1101/2021.08.28.458030v1
HMDB0000044	LDHB[Interacting]	L-lactate dehydrogenase B chain	Ascorbic acid	Ascorbate	https://www.biorxiv.org/content/10.1101/2021.08.28.458030v1
HMDB0000235	LDHB[Interacting]	L-lactate dehydrogenase B chain	Thiamine	Thiamine	https://www.biorxiv.org/content/10.1101/2021.08.28.458030v1
HMDB0000095	LDHB[Interacting]	L-lactate dehydrogenase B chain	Cytidine monophosphate	Cytidine monophosphate	https://www.biorxiv.org/content/10.1101/2021.08.28.458030v1
HMDB0000939	LDHB[Interacting]	L-lactate dehydrogenase B chain	S-Adenosylhomocysteine	S-(5-Adenosyl)-L-homocysteine	https://www.biorxiv.org/content/10.1101/2021.08.28.458030v1
HMDB0000086	MDH2[Interacting]	Malate dehydrogenase, mitochondrial	Glycerophosphocholine	L-alpha-Glycerophosphorylcholine	https://www.biorxiv.org/content/10.1101/2021.08.28.458030v1
HMDB0001088	MDH2[Interacting]	Malate dehydrogenase, mitochondrial	Butyryl-CoA	Butyryl coenzyme A	https://www.biorxiv.org/content/10.1101/2021.08.28.458030v1
HMDB0000119	MDH2[Interacting]	Malate dehydrogenase, mitochondrial	Glyoxylic acid	Glyoxylate	https://www.biorxiv.org/content/10.1101/2021.08.28.458030v1
HMDB0000050	MDH2[Interacting]	Malate dehydrogenase, mitochondrial	Adenosine	Adenosine	https://www.biorxiv.org/content/10.1101/2021.08.28.458030v1
HMDB0001066	MDH2[Interacting]	Malate dehydrogenase, mitochondrial	S-Lactoylglutathione	S-Lactoylglutathione	https://www.biorxiv.org/content/10.1101/2021.08.28.458030v1
HMDB0000536	MDH2[Interacting]	Malate dehydrogenase, mitochondrial	Adenylsuccinic acid	Adenylosuccinic acid	https://www.biorxiv.org/content/10.1101/2021.08.28.458030v1
HMDB0001206	MDH2[Interacting]	Malate dehydrogenase, mitochondrial	Acetyl-CoA	Acetyl coenzyme A	https://www.biorxiv.org/content/10.1101/2021.08.28.458030v1
HMDB0001191	MDH2[Interacting]	Malate dehydrogenase, mitochondrial	Deoxyuridine triphosphate	Deoxyuridine triphosphate	https://www.biorxiv.org/content/10.1101/2021.08.28.458030v1
HMDB0000101	MDH2[Interacting]	Malate dehydrogenase, mitochondrial	Deoxyadenosine	2-Deoxyadenosine	https://www.biorxiv.org/content/10.1101/2021.08.28.458030v1
HMDB0000095	MDH2[Interacting]	Malate dehydrogenase, mitochondrial	Cytidine monophosphate	Cytidine monophosphate	https://www.biorxiv.org/content/10.1101/2021.08.28.458030v1
HMDB0001273	MDH2[Interacting]	Malate dehydrogenase, mitochondrial	Guanosine triphosphate	Guanosine 5-triphosphate	https://www.biorxiv.org/content/10.1101/2021.08.28.458030v1
HMDB0000189	MDH2[Interacting]	Malate dehydrogenase, mitochondrial	Inosine triphosphate	Inosine 5-triphosphate	https://www.biorxiv.org/content/10.1101/2021.08.28.458030v1
HMDB0001373	MDH2[Interacting]	Malate dehydrogenase, mitochondrial	Dephospho-CoA	Dephosphocoenzyme A	https://www.biorxiv.org/content/10.1101/2021.08.28.458030v1
HMDB0001397	MDH2[Interacting]	Malate dehydrogenase, mitochondrial	Guanosine monophosphate	Guanosine 5-monophosphate	https://www.biorxiv.org/content/10.1101/2021.08.28.458030v1
HMDB0001396	PFKL[Interacting]	ATP-dependent 6-phosphofructokinase, liver type	5-Methyltetrahydrofolic acid	5-Methyltetrahydrofolic acid	https://www.biorxiv.org/content/10.1101/2021.08.28.458030v1
HMDB0001275	PFKL[Interacting]	ATP-dependent 6-phosphofructokinase, liver type	Propionyl-CoA	Propionyl coenzyme A	https://www.biorxiv.org/content/10.1101/2021.08.28.458030v1
HMDB0000061	PFKP[Interacting]	ATP-dependent 6-phosphofructokinase, platelet type	Adenosine 3',5'-diphosphate	Adenosine 3,5-diphosphate	https://www.biorxiv.org/content/10.1101/2021.08.28.458030v1
HMDB0001546	PFKP[Interacting]	ATP-dependent 6-phosphofructokinase, platelet type	CDP	Cytidine 5-diphosphate	https://www.biorxiv.org/content/10.1101/2021.08.28.458030v1
HMDB0001201	PFKP[Interacting]	ATP-dependent 6-phosphofructokinase, platelet type	Guanosine diphosphate	Guanosine 5-diphosphate	https://www.biorxiv.org/content/10.1101/2021.08.28.458030v1
HMDB0001316	PFKP[Interacting]	ATP-dependent 6-phosphofructokinase, platelet type	6-Phosphogluconic acid	6-Phosphogluconic acid	https://www.biorxiv.org/content/10.1101/2021.08.28.458030v1
HMDB0000218	PFKP[Interacting]	ATP-dependent 6-phosphofructokinase, platelet type	Orotidylic acid	Orotidine 5-monophosphate	https://www.biorxiv.org/content/10.1101/2021.08.28.458030v1
HMDB0000280	PFKP[Interacting]	ATP-dependent 6-phosphofructokinase, platelet type	Phosphoribosyl pyrophosphate	5-Phospho-D-ribose 1-diphosphate	https://www.biorxiv.org/content/10.1101/2021.08.28.458030v1
HMDB0001134	PGAM2[Interacting]	Phosphoglycerate mutase 2	Phosphoadenosine phosphosulfate	3-Phosphoadenosine 5-phosphosulfate	https://www.biorxiv.org/content/10.1101/2021.08.28.458030v1
HMDB0004096	PGAM2[Interacting]	Phosphoglycerate mutase 2	5-Methoxyindoleacetate	5-Methoxy-3-indoleacetic acid	https://www.biorxiv.org/content/10.1101/2021.08.28.458030v1
HMDB0000139	PGAM2[Interacting]	Phosphoglycerate mutase 2	Glyceric acid	2,3-Dihydroxypropanoic acid	https://www.biorxiv.org/content/10.1101/2021.08.28.458030v1
HMDB0000197	PGAM2[Interacting]	Phosphoglycerate mutase 2	Indoleacetic acid	Indole-3-acetic acid	https://www.biorxiv.org/content/10.1101/2021.08.28.458030v1
HMDB0000061	PGAM2[Interacting]	Phosphoglycerate mutase 2	Adenosine 3',5'-diphosphate	Adenosine 3,5-diphosphate	https://www.biorxiv.org/content/10.1101/2021.08.28.458030v1
HMDB0000082	PGAM2[Interacting]	Phosphoglycerate mutase 2	Cytidine triphosphate	Cytidine 5-triphosphate	https://www.biorxiv.org/content/10.1101/2021.08.28.458030v1
HMDB0001342	PGAM2[Interacting]	Phosphoglycerate mutase 2	Thymidine 5'-triphosphate	Thymidine 5-triphosphate	https://www.biorxiv.org/content/10.1101/2021.08.28.458030v1
HMDB0000998	PGAM2[Interacting]	Phosphoglycerate mutase 2	dCTP	Deoxycytidine triphosphate	https://www.biorxiv.org/content/10.1101/2021.08.28.458030v1
HMDB0001532	PGAM2[Interacting]	Phosphoglycerate mutase 2	Deoxyadenosine triphosphate	2-Deoxyadenosine 5-triphosphate	https://www.biorxiv.org/content/10.1101/2021.08.28.458030v1
HMDB0000089	PGAM2[Interacting]	Phosphoglycerate mutase 2	Cytidine	Cytidine	https://www.biorxiv.org/content/10.1101/2021.08.28.458030v1
HMDB0000235	PGAM2[Interacting]	Phosphoglycerate mutase 2	Thiamine	Thiamine	https://www.biorxiv.org/content/10.1101/2021.08.28.458030v1
HMDB0000189	PGAM2[Interacting]	Phosphoglycerate mutase 2	Inosine triphosphate	Inosine 5-triphosphate	https://www.biorxiv.org/content/10.1101/2021.08.28.458030v1
HMDB0001201	PGAM2[Interacting]	Phosphoglycerate mutase 2	Guanosine diphosphate	Guanosine 5-diphosphate	https://www.biorxiv.org/content/10.1101/2021.08.28.458030v1
HMDB0001273	PGAM2[Interacting]	Phosphoglycerate mutase 2	Guanosine triphosphate	Guanosine 5-triphosphate	https://www.biorxiv.org/content/10.1101/2021.08.28.458030v1
HMDB0001166	PGAM2[Interacting]	Phosphoglycerate mutase 2	3-Hydroxybutyryl-CoA	3-Hydroxybutyryl coenzyme A	https://www.biorxiv.org/content/10.1101/2021.08.28.458030v1
HMDB0001113	PGK2[Interacting]	Phosphoglycerate kinase 2	Isovaleryl-CoA	Isovaleryl coenzyme A	https://www.biorxiv.org/content/10.1101/2021.08.28.458030v1
HMDB0000902	PHGDH[Interacting]	D-3-phosphoglycerate dehydrogenase	NAD	NAD	https://www.biorxiv.org/content/10.1101/2021.08.28.458030v1
HMDB0000045	PHGDH[Interacting]	D-3-phosphoglycerate dehydrogenase	Adenosine monophosphate	Adenosine monophosphate	https://www.biorxiv.org/content/10.1101/2021.08.28.458030v1
HMDB0000881	PKLR[Interacting]	Pyruvate kinase PKLR	Xanthurenic acid	Xanthurenic acid	https://www.biorxiv.org/content/10.1101/2021.08.28.458030v1
HMDB0000082	PKLR[Interacting]	Pyruvate kinase PKLR	Cytidine triphosphate	Cytidine 5-triphosphate	https://www.biorxiv.org/content/10.1101/2021.08.28.458030v1
HMDB0000044	PKLR[Interacting]	Pyruvate kinase PKLR	Ascorbic acid	Ascorbate	https://www.biorxiv.org/content/10.1101/2021.08.28.458030v1
HMDB0001273	PKLR[Interacting]	Pyruvate kinase PKLR	Guanosine triphosphate	Guanosine 5-triphosphate	https://www.biorxiv.org/content/10.1101/2021.08.28.458030v1
HMDB0001201	RHEB[Interacting]	GTP-binding protein Rheb	Guanosine diphosphate	Guanosine 5-diphosphate	https://www.biorxiv.org/content/10.1101/2021.08.28.458030v1
HMDB0001273	RHEB[Interacting]	GTP-binding protein Rheb	Guanosine triphosphate	Guanosine 5-triphosphate	https://www.biorxiv.org/content/10.1101/2021.08.28.458030v1
HMDB0000696	SESN2[Interacting]	Sestrin-2	L-Methionine	L-Methionine	https://www.biorxiv.org/content/10.1101/2021.08.28.458030v1
